term,coef
Intercept,-409.0054437130777
longitude,-11.53551797397515
latitude,-1.326824152885093
longitude^2,-0.05272816639061273
longitude latitude,0.08828604235962045
latitude^2,0.10041440113766091
