term,coef
Intercept,140775.24785010962
longitude,2640.848839451912
latitude,279.67213794588224
longitude^2,9.380955208484522
longitude latitude,-15.00777321102953
latitude^2,-27.25294088523394
