term,coef
Intercept,-1097.3860888575464
longitude,-17.468753069357614
latitude,17.15455616481236
longitude^2,-0.05020939868840557
longitude latitude,0.2347985824191552
latitude^2,0.0522301504738959
